Concentration (mg/L),Absorbance
0,-0.00477
1,-0.00205
2,0.0147
5,0.14
10,0.466
20,0.934
50,2.31
